-0.10694039,0.015912468,-0.44349867,-0.14730054,0.11094789,-0.2672258,-0.09675636,-0.38117746,-0.07694907,0.4296536,-0.050187647,-0.11847687,0.09418261,0.30181602,0.19666518,0.05942965,0.5290536,0.1517256,-0.34428078,0.16253267,-0.036993954,0.19123745,-0.017544031,0.023568777,0.25892326,0.23824358,0.042506933,0.6167684,0.16001344,0.23929489,-0.050763212,-0.012554591,-0.038959384,-0.487594,0.036755998,-0.4770683,0.17137067,0.3551144,-0.27957556,-0.06734468,0.39504254,0.0411852,0.16909292,0.31710276,-0.45440334,-0.063749604,0.38898203,-0.22878493,0.07738394,-0.16693279,0.13274537,0.42265096,-0.04680576,-0.07793919,0.25271624,0.2708977,-0.2848165,-0.31785664,-0.44447252,0.19644277,-0.16696802,0.11839561,0.20289406,-0.039047636,0.14345698,-0.59434444,0.23216659,-0.13981642,0.089635395,-0.023546636,0.32889572,-0.006944366,-0.020495582,0.24774939,-0.19591886,0.10376073,0.22722165,-0.030023647,-0.13852483,0.09998601,-0.35362217,-0.19800739,-0.019173317,-0.14730515,-0.13229004,-0.033182226,-0.32776824,-0.47577703,0.16993394,0.11876725,0.58273554,-0.12986113,0.07372919,0.28401998,0.32101402,-0.2043421,0.0028121416,0.03561032,0.14045963,0.03964241
0.29911557,-0.033222347,-0.08902215,0.32193595,0.1381158,-0.16287577,0.18451358,-0.16422527,-0.110494874,-0.035411615,0.5358379,0.108595476,0.17507358,0.09668501,0.2653539,-0.26205444,0.18523052,0.16671176,0.019555263,0.2684575,-0.22040215,0.08495448,-0.40650395,0.13801067,-0.22707005,0.08377243,0.25158468,-0.0036472601,0.21247068,0.025139917,0.024677414,-0.110035725,-0.24628921,0.07443526,-0.14779808,0.09480313,-0.5457274,0.25567353,-0.0975208,-0.025283858,0.010340474,-0.3317897,0.030385144,-0.43785855,0.2637202,0.23566535,0.21605901,0.055239897,-0.028417291,0.10438565,-0.33543712,-0.3148076,0.23378374,-0.4508146,0.1848589,-0.13914649,0.33853763,-0.10309743,-0.32362533,-0.14035113,0.11134524,0.08833264,-0.22361508,0.18238547,0.005494496,0.22584248,-0.066598915,0.0047316896,-0.038310137,-0.24372807,0.1624338,-0.19966395,-0.42468342,0.012976638,-0.12981965,0.41351226,0.26026028,-0.31844893,-0.06336945,0.102703616,0.7803268,-0.24508606,0.09856726,0.22075386,0.49191153,0.07392887,0.06573597,-0.21012996,0.005473664,0.14312732,-0.21364874,0.5504603,-0.040733177,0.3527388,0.37043032,0.13376169,0.24071394,-0.047224514,-0.0972147,0.2950258
0.065766454,0.6330455,0.023253437,-0.12243399,-0.06986026,0.28825933,0.12426582,0.18670513,-0.22623126,-0.37128308,-0.3804295,0.33808997,0.17435282,0.30750024,-0.32723865,-0.14985104,0.32033837,-0.17584115,0.07627128,0.18340698,0.21167687,0.09833112,0.36151603,-0.26826015,0.03648173,0.1069181,-0.11816953,0.24225448,-0.28221235,-0.31074873,-0.25843662,-0.09171664,-0.03902599,-0.16598547,-0.069111325,0.20511292,0.13491793,-0.24101382,0.13728712,-0.17085859,-0.27974987,0.10652293,-0.34068778,0.16246665,-0.015387417,-0.04671733,0.071905784,-0.031808827,0.16483563,-0.16760607,-0.23171212,0.27881044,0.10710824,-0.18467419,-0.055935368,0.06610455,0.2735262,0.28112644,0.09684299,0.17915876,-0.0023458216,0.019222958,0.35826716,-0.04556809,0.27176902,-0.10697888,-0.40315145,-0.10972344,-0.023390684,0.03466487,-0.079657055,-0.045966793,0.09204698,0.2612878,0.119250774,-0.29703683,-0.008459795,0.16108675,-0.016413588,0.10820251,-0.02270904,0.0013237275,-0.16507514,0.02222991,-0.070616715,-0.1333348,0.012475973,-0.20834044,-0.017377928,0.08483992,0.08624689,-0.23635894,-0.1146538,-0.36105353,-0.14196408,-0.33039173,0.092141084,0.050468095,0.26831996,-0.13252524
0.093881115,0.15637773,-0.08234599,0.28171346,-0.016162653,-0.12230966,-0.037122376,-0.0023368273,-0.14831677,-0.0042623864,0.27358344,-0.033885017,0.37607834,-0.0701334,-0.04052624,-0.27640706,0.00215266,-0.4360739,0.022219582,-0.026605004,-0.3740516,-0.37853685,0.25845215,0.12001724,-0.1857958,0.2636705,-0.23091277,-0.41034022,0.23407114,-0.23498547,-0.15061909,-0.05018075,0.24178338,0.41671914,-0.3724977,0.3886296,-0.24861805,0.083852135,0.29517943,-0.015593599,-0.42580026,-0.13470466,0.09979517,-0.1123283,-0.12315479,0.08328931,-0.3426514,0.46130106,-0.09776038,-0.26847026,-0.28571016,-0.24021176,0.29897943,0.1817426,-0.28329965,-0.26662672,0.25984955,0.14863552,0.19304027,0.10008151,0.6397223,-0.01214652,-0.11539238,0.023529623,0.18238677,-0.059783977,-0.27538326,-0.33724907,-0.49458513,0.09346721,-0.28199986,-0.21717103,-0.056216806,0.008295654,0.09636352,0.054278757,-0.31195435,0.013290522,0.013846027,0.10781545,0.3493241,-0.006200147,-0.00942579,0.28302893,0.5254282,0.1737575,-0.004975181,0.0066550174,-0.4570351,0.22334498,-0.419507,0.27636507,-0.13244118,-0.06298992,0.18295065,-0.037166588,0.050287563,-0.28764233,-0.12744327,-0.20541134
0.04801775,-0.23902471,-0.08190875,0.2982408,0.15912464,-0.49414855,0.036402065,-0.22490261,0.027339034,-0.07248495,0.18218678,-0.055463273,-0.38631558,0.2809596,0.32814866,0.13811117,-0.018841367,0.22306523,0.13513562,0.26477066,-0.013484922,0.26447806,-0.37976924,0.33648968,-0.19881074,0.35422507,0.01631747,0.28448066,0.16537815,0.05901662,0.110027984,-0.033878397,-0.13748844,-0.11045713,-0.22221163,-0.24171494,-0.23883651,-0.019210208,0.09758565,-0.58613026,0.350746,0.14139108,-0.11757661,-0.12508002,-0.09934264,0.24726862,0.15335475,-0.1925325,-0.14580688,-0.07388527,-0.4922807,-0.06781242,0.3592798,0.2995331,0.22815107,-0.39464518,-0.31984743,-0.3213757,-0.53939885,0.124497466,-0.14211318,0.0060924557,-0.53146285,-0.2863242,-0.1732018,-0.13702244,0.37291697,-0.20371202,0.0120643135,-0.15471958,0.19543082,-0.25280565,-0.06503799,-0.072873645,-0.42359284,0.4330838,0.30305916,-0.05412624,-0.1310243,-0.13249558,0.06924411,-0.23371054,0.43600747,0.07675923,0.21939021,0.27120999,-0.2888141,-0.40051317,0.033397827,0.47428972,-0.559413,0.3283441,0.08004079,0.0034488651,0.06501945,-0.015158822,0.3555163,0.31351072,0.13817064,-0.23496169
-0.34774464,-0.04684889,-0.024337495,0.18718103,0.37147686,-0.032952156,-0.3892034,-0.3587434,0.19791764,-0.36566454,0.32647055,0.07728604,-0.39786872,0.38989204,0.05990377,0.18645921,0.48097187,0.21925178,0.100282975,0.29656258,-0.10578498,0.25872818,-0.11100733,-0.08874959,-0.2023289,-0.082596816,0.2657047,0.6425236,-0.019907674,0.54037297,-0.40566114,-0.39116812,-0.36421368,-0.07243074,0.16272148,-0.28826234,-0.019429928,0.07577112,-0.42844048,0.2751968,0.31945205,0.19098112,0.28323403,-0.5917756,0.17001644,-0.25949994,0.2799473,-0.44998178,0.32329357,0.34591597,0.17415315,0.17609166,0.0630554,-0.18162237,-0.04864238,0.22276022,-0.026991418,-0.26430064,-0.003344552,-0.009227754,-0.026398905,-0.019176077,-0.5151328,0.07540073,-0.06430012,-0.1944442,0.23758706,-0.036159318,-0.23352513,0.43521863,0.32744887,-0.2689195,-0.3135909,0.038517572,-0.19890767,0.26367232,0.07709306,-0.43372798,-0.2736656,0.19845277,0.45080963,-0.15185964,0.2702932,-0.023173783,0.037870657,0.34020948,-0.22126226,-0.26929417,-0.013459608,-0.41367567,-0.10478352,0.3287786,-0.21075663,-0.122337066,-0.24023603,-0.3394347,-0.15201046,0.03394326,0.29734525,0.045203358
-0.24668312,0.013559918,0.25319088,0.3881985,-0.0127810305,0.036582623,0.061623175,-0.36537588,-0.122395046,-0.13632505,0.21243544,-0.01607586,0.17276625,0.14905538,0.13408482,-0.19831656,0.2323742,-0.09591015,0.08751274,0.016870188,-0.30831957,-0.090907685,0.15311849,0.23149496,-0.054072514,-0.031606,-0.08763618,0.054040167,-0.09744205,0.2968478,-0.24931681,0.09217156,-0.16155209,0.27581498,0.14009209,-0.0598116,-0.18718703,0.15460709,-0.23792094,-0.041499864,-0.16837563,-0.18055116,0.104958706,-0.05946995,0.01533748,0.14847113,0.038681526,0.24863942,-0.0040043895,0.076050155,-0.16373755,-0.4060839,-0.019233292,-0.27509364,0.029267859,-0.24046159,0.32067072,-0.042699017,0.18514344,0.11669292,-0.12425425,-0.009386779,-0.11535126,0.085060365,-0.059250627,-0.041859902,-0.03591578,-0.33322656,-0.0007676569,-0.0896548,-0.11147826,-0.33508846,-0.60593194,-0.2295707,0.12915935,0.17285112,0.083097376,-0.08873346,-0.35849258,0.14027494,0.46839467,0.058870077,0.050144095,0.05577992,0.51519346,0.31095552,-0.11103312,-0.15637632,-0.24521366,0.1887111,-0.26688975,0.12812872,-0.09800447,-0.02498761,0.03203709,0.0030525434,-0.13859199,-0.24216577,-0.06971386,0.3483707
-0.33845696,-0.45519918,0.4419265,-0.14077465,-0.08889038,-0.04408135,0.14607179,-0.19051804,-0.15879478,0.15335608,0.46208215,-0.33783266,-0.09792682,-0.0924751,0.05974044,-0.2545457,-0.3851564,0.1251704,0.21168059,-0.099780105,0.014223548,-0.15042107,-0.46037441,0.071062975,0.15429263,-0.34354648,0.21791272,-0.16170132,-0.11043563,0.21489073,0.16381383,-0.09071891,-0.04814933,-0.12671737,-0.04500302,0.16994515,-0.11342269,-0.012661296,0.0124215325,0.33003938,0.17081863,-0.18901244,0.024209032,-0.43342412,0.10627772,-0.21447754,-0.2497031,0.24092212,0.14397869,0.21775009,0.30475944,-0.04452405,-0.0017006388,0.22542462,-0.09538924,0.11509008,-0.2502348,-0.080296665,-0.016780885,-0.2642905,-0.014035456,0.027477097,-0.20932966,0.33184338,-0.2476914,-0.01798023,0.37217945,0.047821116,0.13780122,0.3404012,-0.22284243,0.28852797,0.11508877,-0.074259564,0.3976439,-0.2376192,-0.17806381,-0.41931358,-0.04001291,0.02152363,0.01707325,0.15819933,0.094836466,-0.29815778,0.018999087,-0.18384428,0.16259679,0.22478583,0.21883518,-0.033361915,-0.08843852,0.23314063,0.1347945,0.03426485,-0.1706361,-0.111735746,-0.22576834,-0.11323736,-0.48101792,0.24221708
-0.04433809,-0.25426915,0.42878306,-0.38461813,0.40053424,0.123744756,-0.3868407,-0.46846968,0.19340469,0.1906363,-0.029089717,-0.060811717,0.4079539,-0.6082728,0.04854497,-0.7295868,0.058329992,-0.3338247,0.53499454,-0.43057063,0.09495977,0.017681917,-0.28928408,0.17634317,0.6301288,-0.29963318,0.36971116,-0.36717886,0.2870936,0.047046795,-0.004493584,-0.35385057,0.046949662,0.48094222,0.12014307,-0.14529245,-0.11240512,-0.24977183,0.13897,0.3185733,0.050906666,-0.24741256,0.06721012,-0.24183123,0.15739042,0.13046686,-0.46167988,0.50264436,-0.07016031,0.038185913,0.07984803,0.20098089,-0.076646954,0.80474246,-0.44618458,-0.31073195,-0.025299443,-0.22592464,0.008618778,-0.28651246,-0.37785253,0.020820204,-0.2412566,0.2760391,-0.19756411,0.065634884,0.1095027,-0.20827684,0.41530046,0.60604256,0.22404565,0.35779956,0.3140147,-1.0120652,0.15465142,-0.40398586,-0.19713275,-0.016107684,0.11905101,0.090096824,0.15301776,0.071553536,-0.41314608,-0.16713953,0.8596072,-0.19437048,-0.23401447,0.060899135,0.13059205,-0.2877665,-0.0503139,0.000840976,0.14018407,-0.028550884,0.13672957,0.42708,0.20285012,-0.11498529,-0.590395,0.5230356
0.16480593,-0.05087035,-0.2698743,-0.0080159325,-0.22657639,-0.10573028,0.06285834,0.19755067,0.2023514,0.07199608,-0.051816378,0.21574394,-0.10310067,-0.046002932,0.08789344,0.19574526,-0.070107855,-0.016416553,-0.4792621,0.26743683,0.22976428,-0.20376757,0.47476804,-0.07396389,-0.043283265,0.37391508,-0.28795794,-0.28315064,0.043010026,-0.08108069,0.36472487,0.43666723,-0.13050462,-0.27750477,-0.26843086,0.016600324,0.32366982,-0.17238432,0.025615523,-0.38914934,-0.15323965,0.2866427,0.09847561,0.7746621,0.06914328,0.20072427,0.0987913,-0.15415213,-0.2599626,-0.25644952,-0.06229598,-0.06581555,0.1240924,-0.22503628,0.060062543,-0.3893063,0.081020765,0.5884836,0.11060076,0.34618685,0.37853655,0.058356013,-0.22057077,-0.35071203,0.0567015,0.15598793,0.16786659,0.2652,-0.32493317,-0.23987976,-0.12865673,0.0940807,-0.14207788,0.43574867,-0.13481443,0.02365754,0.04848554,0.15757419,0.56911755,-0.040764496,-0.47463995,0.10243634,0.23676598,-0.03199566,-0.113452934,-0.18086414,0.011530686,0.017340573,0.071598634,0.21768147,0.14279817,-0.048946496,0.15487565,-0.15477374,-0.042118836,0.28886637,0.044194218,0.14113559,0.06275981,-0.65836877
-0.2381721,-0.3450743,0.5209476,0.14617589,0.11639912,0.13330567,-0.08410139,-0.1986558,0.11057402,-0.10514489,0.12776019,0.074830756,0.088148594,-0.18802099,0.24962708,-0.37307337,-0.12519167,0.15715632,0.069666274,-0.06706173,0.09104273,0.23965706,-0.32384726,0.21462528,0.082356595,-0.43851522,-0.0020107068,-0.008884415,0.19432054,0.16055374,-0.03406151,-0.089893706,0.3619486,0.27409056,0.12688671,-0.1115336,-0.0825847,-0.13067913,0.2148014,0.48846617,-0.026060048,-0.30327725,-0.1949042,-0.3684545,0.4240694,0.016551653,-0.032681495,0.3741149,-0.22012185,-0.14373437,0.13035157,0.11746488,0.24800293,-0.045093376,-0.17474033,0.0865946,-0.023491805,-0.04763789,0.009519337,-0.27598315,-0.22926849,-0.25357324,-0.18918535,0.070430115,-0.067349404,0.0014552937,-0.047461968,0.013027962,0.43316543,0.21306388,-0.07499995,0.11500806,0.11754109,-0.15631291,0.34653428,0.028040573,-0.015537072,-0.07571019,-0.23230207,-0.14402053,0.49865106,-0.017751064,0.07479282,-0.022001687,0.082706414,0.4761748,-0.09965664,0.52111185,0.26858494,-0.23973313,-0.23423842,0.1800973,0.04302597,0.11624571,-0.32786703,-0.13700011,0.06199176,0.06146768,0.06372888,0.23402199
-0.095763795,0.37342405,0.078219175,-0.3479726,-0.16853052,0.34213057,0.16292639,0.1496765,-0.22351418,-0.2005839,-0.15029757,0.10944407,0.116723105,-0.14201783,-0.2054647,-0.17177196,-0.174572,-0.08967635,0.19516951,-0.057049364,0.2800034,0.08285446,0.05528346,-0.15633595,0.09465354,-0.11403011,-0.09905489,0.013883034,-0.079112194,-0.078308865,-0.1181772,0.1159475,0.26862207,0.20470749,-0.31573594,-0.24749869,0.03478633,-0.4577841,0.13424547,0.15691185,0.20852056,0.28159642,-0.08841988,0.17043547,0.21891934,-0.2334821,-0.12169863,0.19703454,-0.110676065,0.108259015,-0.07584981,0.23890531,-0.1988145,-0.025481723,-0.38672006,-0.15159251,0.2269723,0.2239494,0.35453114,0.037151434,-0.106358096,0.06738062,0.027172219,-0.270382,0.50082445,0.17525963,-0.007900759,0.12363226,0.042028014,0.3971973,-0.0017843137,0.09090433,0.380789,0.041701827,0.50147736,-0.13319567,0.031845078,0.3066649,0.44304094,-0.045459915,-0.08394551,-0.14311638,-0.057638757,-0.10412709,0.16236825,-0.22772731,0.033763632,0.17446622,-0.18453328,0.04917941,0.22601262,-0.29478288,-0.13688363,-0.12639363,-0.1955959,-0.0010628114,0.15152358,0.08618894,-0.036892664,-0.15325838
-0.15616468,0.18323861,0.34587547,0.21172617,0.0029352133,0.3722319,0.39534184,0.34510294,-0.09535824,-0.036798745,0.43581924,-0.177738,0.35539865,0.12216726,-0.16417013,-0.1805189,0.43938136,-0.023754176,0.3104526,0.0063669006,-0.4203053,-0.0061476245,-0.18946348,-0.09378242,-0.03907359,-0.009463671,-0.12939386,0.050056253,-0.056511622,0.072362214,-0.59285986,-0.14628357,0.14502889,0.30575627,0.34442058,0.22676083,-0.08086959,0.18309747,0.1789902,0.507515,-0.27285963,-0.26052994,-0.033638034,-0.32768548,-0.24483328,0.0024671098,-0.29637277,0.13364527,0.36568925,-0.0049627116,0.098079674,-0.21561949,0.17159101,-0.08680918,0.20173676,0.10896356,0.07485851,0.07704286,0.09476833,-0.04354387,-0.27544817,0.35886058,0.52504045,0.384776,0.10393942,-0.33763182,-0.24832207,-0.0470901,0.23015969,-0.024588045,0.02443305,-0.1363973,-0.13380256,-0.081992954,0.3532704,0.05265036,0.07378087,-0.1895661,-0.33231264,0.300097,0.40382257,0.16497393,-0.32468325,0.06610176,0.103214525,-0.041449532,0.12764443,-0.0704224,-0.32795504,-0.33841008,0.21416102,0.064330965,0.15657252,0.089552425,-0.12528095,-0.06551753,-0.44227493,0.12388332,-0.13229732,0.2766671
0.29056635,-0.24914002,-0.20462851,0.16167308,0.1436131,-0.0869808,-0.21614815,-0.06288274,0.3682618,0.2619586,0.031087656,-0.018267501,-0.27199802,-0.14199893,0.016101604,0.417158,-0.21077077,0.087282315,-0.23974341,-0.12577236,0.3410217,0.0038314275,-0.17286652,0.18246096,0.20872474,0.14881454,-0.31563234,0.08717183,0.27178064,0.0067266766,0.12338384,0.07006205,0.0792784,-0.19791406,0.12877,-0.0651239,0.055721957,0.19827932,0.02599882,-0.11572782,0.2882634,0.1760452,-0.11266249,0.095426634,-0.24908844,-0.15096915,0.23652717,-0.14757775,0.17653362,-0.5264891,0.10145384,0.4078878,-0.31350452,0.22927421,-0.05467978,0.29135013,-0.14843929,0.084328644,-0.45589525,-0.11006644,-0.27580968,0.12715487,-0.014969219,-0.4490967,-0.08061017,-0.034618724,0.096850105,-0.018343521,0.11027683,-0.4417634,-0.2670355,0.32526013,-0.00444733,0.2695438,-0.16494882,-0.13815318,-0.02421379,-0.11750568,0.1471773,-0.24024673,-0.25474387,-0.1166333,-0.06592208,-0.118408464,-0.27754506,0.39328843,-0.36980668,-0.16976428,0.38599092,-0.25190136,0.5021439,-0.21979266,0.11425105,0.087217994,0.20346257,-0.10140956,0.26936036,0.14738335,0.22435087,-0.14931142
0.093810655,-0.11969072,0.63024276,0.16635878,-0.03869205,0.09637805,0.0047282893,-0.3345327,0.011432187,0.4644298,-0.04205925,0.09826494,0.38774154,-0.22045669,0.17871125,-0.18398812,-0.12339631,-0.02479775,0.42576933,-0.4665211,-0.080554545,-0.16569316,-0.022561612,0.1575989,0.109261684,-0.22568746,-0.115509376,-0.068739176,-0.06110884,-0.28994587,-0.11816839,-0.2739885,0.16190748,0.55583483,-0.2741865,-0.0265969,-0.11099316,-0.3225842,0.19884434,0.2668342,0.082761236,-0.115309596,0.11208013,-0.16574685,-0.04591378,0.45751172,-0.1484294,0.20230025,-0.1501643,-0.11551517,0.16945359,-0.33218816,0.16412675,0.115991645,-0.35401243,-0.020420147,0.09115991,0.051180564,0.40757462,-0.05602391,-0.24998274,-0.183992,0.19640696,-0.080886796,-0.012526573,0.21647535,-0.15590283,-0.13092236,0.18496874,-0.024656164,-0.40736052,0.21988884,-0.01673776,-0.19818097,0.37142253,-0.2708504,-0.2890617,0.13266575,0.20451412,0.058414772,-0.06997487,0.022286098,-0.1231668,0.25083205,0.41042006,-0.3853627,-0.11230506,0.19473623,-0.11124821,-0.11256795,0.16217136,-0.26037833,0.11575366,0.2084609,0.16046235,0.1299308,0.05143399,-0.24268311,-0.37356496,0.38241097
0.13873045,-0.078772835,-0.2127928,-0.06187594,-0.23176847,-0.066539444,-0.107676946,-0.25410435,-0.084445335,-0.22365996,-0.4846227,0.07554594,-0.27541843,0.1358652,-0.13578413,0.23553583,-0.47375745,0.42601058,-0.017284367,-0.12211442,0.29429188,0.1156228,0.2702027,-0.26855522,-0.3483031,-0.13610557,-0.43600166,-0.057405736,0.19368218,-0.29116562,0.05640574,0.014056941,0.31610814,-0.3282441,-0.29120216,0.057469144,0.15127209,0.09389014,0.20898943,-0.491857,0.020995427,0.10321688,-0.09080731,0.15373705,-0.08518992,-0.0042021526,0.19670749,0.13760193,-0.20152014,0.18945381,-0.09567645,0.14490011,0.11409637,0.13394733,-0.29681477,0.06217136,-0.20273513,0.22292309,0.10815582,-0.004314229,0.3475997,0.034856617,-0.2822365,-0.3171025,-0.25034994,0.7484842,0.099830806,0.26636842,-0.07019121,-0.26816225,-0.08180865,-0.1695972,0.30296457,0.051518947,-0.22114266,0.01645495,0.05791311,0.64703083,0.25374582,0.030291328,-0.34622368,0.14546876,0.15239362,-0.16818492,-0.09664424,-0.09290494,0.10667033,-0.15215403,0.047687933,0.27471575,-0.24638592,-0.15988557,0.06666294,-0.1731052,-0.16109379,0.09643619,0.11148132,0.11277081,0.2099236,-0.401537
-0.134357,-0.055639442,0.35985076,0.35870093,0.07995166,0.100070104,-0.20434573,-0.551918,-0.17731872,0.037662826,0.496731,-0.16661058,-0.08291088,0.31918117,0.27512527,0.09674075,0.1096103,0.28622705,-0.2534074,0.28452158,-0.13575731,-0.07316463,0.0017452097,0.21131295,0.20769209,3.6851747e-05,0.37085554,0.4944594,0.16949618,0.441237,0.26474312,-0.0056501385,-0.64010745,-0.33680046,-0.26624787,-0.016218666,0.0274232,0.2304736,-0.3020423,0.19755864,0.1651306,0.39272162,-0.116335124,-0.31113425,-0.0036284195,0.10370505,0.36521566,-0.16794573,-0.08719087,-0.19204181,0.44109383,-0.21513273,-0.08693964,-0.060101926,0.24794087,-0.020176254,-0.008560874,-0.21186677,-0.17806683,-0.17234379,0.2153517,-0.25866944,0.0916658,0.33408585,-0.055898167,-0.32769337,-0.038528636,-0.12688524,-0.20467325,0.21600312,0.091751605,-0.21069844,-0.30729726,0.14592381,-0.07442805,0.257371,-0.21825524,-0.2768047,-0.038298007,0.17251502,0.25016028,0.08997902,0.1141701,0.45515177,-0.22202449,0.113146104,-0.22729693,-0.020393439,0.1460945,0.18215357,0.090896286,-0.19574863,-0.30005884,-0.04407275,0.078010924,-0.4960915,-0.11046081,-0.112394206,0.08600218,0.17760882
-0.29369003,0.32355753,-0.40800834,-0.19206296,-0.18930098,0.07661544,-0.42182553,0.11649121,-0.16572367,-0.1390496,-0.50571555,-0.010157379,0.10695684,0.27437806,-0.10504097,0.138655,0.32554662,-0.05773642,0.06670166,0.13346389,0.17301749,0.15876313,0.3960739,-0.14623201,-0.041647013,0.11171366,0.0885209,-0.050646838,-0.009671406,-0.28207636,-0.121575095,0.20083351,-0.038274944,-0.3162072,-0.31475842,-0.19453467,0.27049726,0.1754014,0.069672324,-0.3432535,-0.2166381,0.53018695,0.2300257,0.352368,-0.03760404,-0.15742329,0.39148957,-0.1714582,0.08472423,0.3223834,-0.256656,-0.026648022,0.17107,-0.2043112,-0.088878,-0.22955786,0.10975233,0.20173389,-0.15835233,0.06425814,0.2011815,0.123616606,-0.032229844,-0.25282922,0.14883794,0.04375273,0.009774357,-0.063478075,-0.3782474,0.021098021,0.14391445,-0.16972989,-0.06858413,0.02514302,-0.38261658,0.052730575,0.39686787,0.12467229,0.11263095,-0.10933211,0.12537281,-0.24837475,0.07586296,-0.05753307,-0.036117826,0.22230043,-0.123812206,-0.5727686,-0.16786101,-0.057187557,-0.16190849,0.1448454,-0.13724096,0.018992234,0.16108261,0.031130575,0.15283199,-0.009659746,0.14600249,-0.54102665
0.4427428,-0.29720363,-0.25971255,-0.1597873,-0.24748835,-0.15009934,0.5142028,0.51853025,0.28517285,-0.46224603,-0.12395112,-0.07842197,-0.21310613,-0.07863781,-0.13949943,0.25315398,-0.21349606,0.047676124,-0.21582626,-0.3740214,-0.35620534,0.31348848,0.0948441,-0.0046365648,-0.2674144,-0.27196303,-0.38848463,-0.14555058,-0.16627985,-0.19095264,0.20130941,-0.119270355,0.6089965,0.036663253,0.5339447,0.02130006,0.24596436,-0.14994779,0.081923455,0.15275675,-0.13091576,-0.24893843,-0.13051896,0.009846952,-0.015178298,-0.287241,-0.018411508,-0.0022844453,0.08372752,-0.24865633,-0.057756722,0.007179226,0.0011054669,0.15641871,0.1294559,0.19121037,0.036314357,-0.087444566,-0.12135115,-0.015427136,-0.3359965,0.37023696,0.18662587,-0.24744837,0.17080443,0.23940405,0.038303543,0.10120099,0.22778009,-0.3237428,-0.29495957,-0.010279874,0.30892247,0.19442497,-0.20015205,-0.07562246,0.15676576,0.22519714,-0.13433577,-0.39616865,-0.18237989,0.26412067,-0.46206605,-0.09080208,-0.27463648,-0.2135288,0.40621358,-0.1502348,-0.04888721,0.1289775,0.14128946,-0.2006739,0.059343323,0.28637484,-0.43351957,0.093777545,0.023479901,0.2800087,0.11685062,0.09220456
-0.10214763,0.2936722,0.131912,-0.12328802,-0.22005011,-0.06372776,-0.20105411,0.30252331,-0.24081966,0.14898352,0.1123734,-0.09337102,0.14125432,0.040004656,-0.36092502,-0.1620907,-0.06149898,-0.32431805,0.07361332,0.2025653,0.07134766,-0.28641084,0.4861768,-0.00052003085,0.38162848,0.15219323,-0.0059576076,-0.08921518,-0.47029442,0.33915856,-0.12837346,0.5284629,-0.16961253,-0.06760658,-0.24834917,-0.065560564,0.10277688,-0.11742011,0.05930272,-0.06271868,-0.30972862,-0.11866259,0.016761333,0.2340256,-0.10026711,-0.02582096,0.22870806,0.042664945,0.28358403,0.2511625,0.17409106,-0.25865304,-0.6176286,-0.14047362,-0.12397879,-0.09846251,0.15304959,0.10219816,0.118706085,0.031024741,-0.009872022,0.014749594,0.57944417,0.10821716,-0.0030246445,-0.35475826,-0.09237591,-0.042248297,-0.12004263,0.01971355,-0.25674295,-0.031575304,-0.13235022,0.07753235,0.25674972,-0.3154904,-0.20364246,-0.014391957,0.105646476,0.3905702,-0.14550944,0.28870827,-0.25051638,0.09341509,0.025437068,-0.1568708,0.16853043,0.044786073,-0.075286694,0.20167832,0.26263735,-0.19648823,0.06927589,-0.40625542,0.14306739,-0.1873084,-0.12702021,-0.42259568,-0.18492459,0.19359252
-0.08094663,0.19123942,-0.18876731,0.19536807,-0.18187365,0.029030254,0.32009375,0.5235818,-0.14916041,0.11937879,-0.32899323,0.086189695,0.031168249,-0.101571396,-0.3446564,-0.09246213,0.20827542,-0.504162,-0.2730772,-0.05127876,-0.23811676,0.014986904,0.37776953,0.03363068,-0.20588064,-0.095318,0.029313754,-0.032315236,-0.4935039,-0.33943573,-0.20258878,0.10282896,-0.042676345,-0.09215548,0.26713187,0.4494343,0.03662085,0.028447837,0.0008552034,-0.11099079,-0.41226804,0.17700662,0.039794523,0.31515282,0.11640924,-0.014509136,-0.129349,0.1502108,0.34844407,0.2572622,-0.06053396,-0.27946112,0.13314472,-0.06927176,0.097883515,-0.0915425,0.12756972,0.17656015,-0.006588786,0.16422358,0.23321973,-0.176122,0.268424,0.26177552,0.08382912,-0.39490366,-0.36392057,-0.32565585,0.106466405,0.049560115,-0.2824629,-0.39341047,0.2005066,0.24873783,0.18281856,0.5105266,-0.0688054,0.16591516,0.032103594,0.21339399,0.199741,0.1803268,0.19175819,0.11046805,-0.1906434,-0.39473668,0.31760788,-0.23385437,-0.23646982,-0.06113918,0.14982656,0.10479762,0.04900868,0.11901611,-0.09307931,-0.08303021,-0.10250835,-0.22135569,0.26243967,-0.2596908
0.2641601,-0.107101016,-0.2618778,-0.12231223,-0.101240635,0.12319067,0.008885525,0.29762694,0.12795615,0.021551626,0.033554144,-0.31864566,0.00551875,-0.4065205,-0.1451049,-0.31927064,-0.3598229,-0.17779921,-0.3924522,-0.2507541,0.15311325,-0.37642092,0.021849958,0.2768336,0.4236447,-0.029397147,0.13487194,-0.80826426,-0.25690734,-0.147163,0.26583886,0.25126052,0.41148618,0.5758082,-0.28583726,0.21034579,-0.14688532,-0.31931165,0.13418825,0.10557559,-0.0012495551,0.049281113,-0.24243498,0.3098924,0.0788164,-0.08729513,-0.13237332,-0.013392261,-0.3616821,-0.24967204,0.12594865,-0.4649327,0.1607143,0.26432458,-0.1930263,-0.36525488,0.026083339,-0.010821425,0.019750427,0.08158596,0.080139324,-0.23155308,0.07646608,0.017420193,-0.008937149,0.22558267,-0.07623175,0.3550013,0.40300575,0.0993609,-0.21336627,-0.06233191,0.026504934,0.05274648,0.16246845,0.073429525,-0.18107177,-0.02984489,0.43945664,-0.23352282,-0.32085916,0.19592029,0.4166577,0.04195409,-0.042901173,0.044636577,0.20928344,0.15180917,0.34420076,0.0546173,-0.15807791,0.015830806,0.11868327,-0.3192544,-0.08164036,0.24746725,-0.13279112,0.108699515,-0.2144934,-0.29211074
-0.0041405368,-0.0792781,0.28376916,-0.5018969,-0.048426222,-0.028851306,0.110996075,-0.026925946,-0.031841185,0.08744985,-0.26667562,-0.18061595,0.024680149,-0.08242425,0.03680711,-0.26232824,-0.38082266,-0.06446118,0.13125655,-0.42192477,-0.06880319,-0.18279593,0.36025858,-0.11633179,0.06162093,-0.14798416,0.06394143,-0.036521282,-0.13715409,-0.037358515,-0.066806905,-0.363544,0.014723581,-0.04720888,-0.06649474,0.1244944,-0.021890305,-0.43140337,0.16202185,0.10090691,-0.19211869,0.0564415,-0.08736092,-0.16440964,-0.09643086,0.1031197,-0.17053191,-0.0061024,-0.1765462,0.25524625,0.06260105,-0.07211736,0.27970472,0.3757533,-0.117040694,0.07595238,-0.07640368,-0.14124395,0.07848189,0.13832186,-0.0014981687,0.2299477,-0.054796442,0.079825215,-0.048195068,0.13584918,-0.08451944,-0.006918519,-0.00019070387,0.26779714,0.21755022,-0.11128598,0.28779465,-0.6231464,0.28389156,-0.37929392,-0.08096421,0.30400002,-0.20516965,-0.11193091,-0.09254065,-0.04810781,0.023000617,0.13377337,0.046908177,0.038096037,-0.3748042,0.24431607,-0.014414356,0.2402683,-0.06861361,-0.21164683,-0.08038399,-0.15901011,-0.013885921,0.43996993,0.20529102,-0.04275569,-0.1271706,0.14670733
0.0068316776,0.13272974,-0.027904594,0.057856273,0.053283293,-0.24550696,-0.28255644,-0.18839306,-0.22524291,0.1977592,0.2093719,-0.014095859,-0.6073442,0.11449538,-0.0845118,-0.047155675,0.161096,0.009910714,-0.37471268,0.6443187,0.15650854,-0.1071733,-0.17027368,-0.003384082,0.24167389,0.37227216,0.26926252,-0.26217046,-0.14309485,-0.11257306,0.47386953,0.38053414,-0.15024558,-0.40301955,-0.45797232,0.016495753,-0.27826717,0.2758061,0.0814902,-0.4719733,-0.08320006,-0.258341,-0.043477524,0.35665008,-0.017091183,0.24576025,-0.12987168,-0.17982815,0.111298636,-0.03898877,-0.20665036,-0.25580835,0.051638763,-0.16009939,0.19650185,-0.14824618,-0.1611267,-0.30429164,0.10546769,0.17840885,0.13283393,-0.3747849,0.047712527,0.20423183,-0.18802406,-0.08970414,-0.07493597,-0.21575157,0.15389626,-0.13743079,-0.012251605,-0.08304375,-0.00074609363,-0.15565276,-0.42739275,0.047790017,-0.3110703,-0.06880306,0.15308057,-0.26296136,0.05222077,0.19721828,0.18169501,0.007417497,-0.090097025,-0.25536728,0.08727307,-0.13070098,-0.22265,-0.091077484,-0.23564842,0.14414458,0.012904839,-0.26415727,0.74391896,0.018011108,-0.20692448,-0.17052968,0.09242416,-0.14094684
-0.14254406,0.056985382,0.13949262,0.018203706,0.009965103,0.060803473,-0.06358459,-0.045327134,0.18090415,0.23605877,0.20462455,0.15167348,-0.38776484,0.033088606,0.3025449,0.28214267,0.5163987,0.40498593,-0.29643407,0.07357559,-0.11965611,0.032799747,-0.2634349,0.21285371,0.007636827,-0.10358796,0.011582343,0.19886485,-0.0672271,0.11171778,-0.13366239,0.043402113,-0.25181508,-0.33696958,-0.062819384,-0.24128257,-0.34810057,-0.11732047,-0.3573659,0.10807264,0.42428225,-0.26621917,-0.19840358,-0.31962705,-0.016327038,-0.18501116,-0.053620584,-0.33339053,0.18433109,0.14628796,0.17357937,0.28519386,-0.21028897,-0.18502943,0.3355144,0.20557308,-0.17858617,-0.1486772,-0.18236655,-0.19238043,-0.2023715,0.122124456,0.0531704,0.038711958,-0.37765288,-0.4006476,0.1869295,0.13872108,-0.021608202,0.29543504,0.040199246,-0.06741342,-0.33377406,0.09699378,0.059777,0.022913141,-0.10865956,-0.10334532,-0.10294652,0.030894374,0.0062797028,-0.046394974,-0.036488473,-0.09492291,-0.27944332,-0.19891894,-0.13906698,0.11077019,0.27545503,-0.2059338,0.06816158,0.082830735,-0.21871449,0.2252444,-0.08872278,-0.15640286,0.048820768,-0.062160507,0.03145913,0.09028208
-0.15972157,-0.32561058,0.42421734,0.21270718,-0.29295415,0.1286831,0.17557526,-0.29308248,0.13792545,-0.3503711,0.116587885,0.04585137,-0.07470833,-0.5511984,0.20215735,0.029415723,-1.0815927,0.3217356,0.012964966,-0.078915045,0.008257376,-0.15672117,-0.061456088,0.11833874,-0.28825176,-0.3495242,-0.47296515,-0.2614878,0.08017206,0.3137952,0.061758414,-0.05750608,0.09379243,-0.22404347,0.3392462,0.6251476,0.2200971,0.040740784,0.036819357,-0.1488175,0.03716762,-0.08606599,-0.5193551,-0.17306057,0.41873738,-0.1276115,-0.078485005,0.24813974,-0.15515994,0.044006445,0.12356063,-0.07231253,0.5018449,0.31477487,-0.058041193,0.12427048,-0.054103862,0.40560013,0.2787626,-0.124224655,0.1511648,0.20942332,-0.33604077,-0.063175604,-0.38530052,0.59376353,0.24718635,0.15057994,-0.22772698,0.099587746,-0.25045717,0.25653937,0.3002047,-0.27351335,0.08640444,-0.055829905,-0.3025423,0.26003563,0.033429984,0.027106259,0.16098353,0.3528439,0.36429253,0.24970996,-0.16646098,0.06747977,0.11015243,0.45065328,-0.04200754,0.2305569,0.015236938,0.10076005,0.010223274,0.024629923,-0.42785868,0.040559407,0.08239553,-0.0398025,0.005911738,-0.036105413
0.33218214,0.121075176,-0.31879938,-0.28125277,-0.2518029,0.21939738,-0.055014838,0.10980727,0.06274509,-0.13269378,-0.42017567,-0.15774456,0.057763662,-0.23531301,-0.09681171,0.1021169,-0.27164456,-0.19360754,0.1209521,-0.21801987,0.3279763,0.09408722,0.20543197,-0.056375742,-0.20542659,0.06960852,-0.03202235,-0.18916816,-0.4686398,-0.40619102,0.22971244,0.16372119,0.029425692,0.17159057,-0.066309206,0.065986514,0.19370873,-0.21550453,0.21851024,-0.09884369,-0.059792284,-0.042823706,0.096749894,0.28400314,-0.42895007,0.11840583,-0.005086427,-0.05433359,-0.23369594,0.1951129,-0.26854694,0.050852362,0.10972101,0.4482729,-0.15067916,0.04216792,0.2368331,0.07844806,-0.1301198,0.15827568,-0.14059766,0.09208026,0.09736516,-0.14393832,-0.014782244,-0.057234693,0.0581906,-0.0073039127,-0.11242933,0.010800404,-0.037414048,-0.032459673,0.3833564,0.00969318,0.15569152,-0.25450715,0.34997514,0.15190846,0.19306667,0.13190784,-0.18763532,-0.03129183,-0.034451753,-0.17767705,0.18909559,-0.34155503,-0.1703667,-0.15924242,-0.48338562,0.39970326,-0.3258819,-0.080779724,-0.15965982,0.032866,0.09835717,0.29435337,0.45864633,0.032050356,0.059772436,-0.080616936
-0.013795621,-0.27770278,0.33212817,0.19021106,0.11064359,0.10587647,0.16008633,-0.04036423,-0.15296283,0.13076451,0.13229597,0.058975276,-0.060268153,-0.250205,0.0775554,-0.41411513,-0.05635525,0.2127407,-0.018647786,0.10785665,-0.09857315,-0.15787211,0.070852734,-0.057861194,0.30560243,-0.05200104,-0.066804275,-0.488086,-0.09109272,-0.21553549,0.33233905,0.10314336,-0.07026202,0.71870905,-0.1676019,0.5431434,-0.2768459,-0.24396859,0.1608837,0.3394643,-0.11639655,-0.34759402,-0.018379247,0.03036696,0.13631196,0.24375935,-0.27655825,0.47462234,-0.1355183,0.00701279,0.19480449,-0.4281306,-0.03627344,0.058028035,-0.30867732,-0.34533995,-0.06794572,-0.052537505,0.31483296,0.17786251,0.031276967,-0.19263643,-0.03278525,0.49210674,-0.022489423,-0.010793686,-0.009442472,-0.14752331,0.3538787,0.19425204,-0.23506252,0.1449054,-0.104289204,-0.28093112,0.21133223,-0.02877798,-0.41852182,0.042885266,0.4700446,-0.2877811,0.102229334,0.2655081,0.0470398,0.39238873,0.048546232,-0.5123999,0.17671528,0.34103218,0.0031241046,-0.18037584,-0.09208564,0.24814235,-0.11414407,-0.16422808,0.30124387,-0.004302413,-0.4276458,-0.14816721,-0.3809669,0.23582567
0.15719634,0.2908692,-0.11362567,0.4717144,0.06346863,0.54043484,0.48519507,0.35206032,0.05605356,-0.25623927,0.37140113,0.027054321,-0.18790303,0.014864251,-0.49210992,0.67924136,0.3316223,0.3100955,-0.35798952,0.023742378,-0.25488514,0.2705035,8.834599e-05,-0.36415625,-0.089750215,0.18203135,-0.19722857,0.1788772,-0.20183538,-0.2821193,0.053536627,0.39081004,-0.11214286,-0.028264543,0.5872267,-0.18156923,-0.13386191,-0.00943242,-0.1574859,0.2444257,-0.16976753,-0.176336,0.09307077,-0.11792394,-0.15046214,-0.34157127,-0.019622337,-0.20078413,0.36476284,0.089648105,0.18654482,-0.11830496,-0.60075945,-0.39627695,0.56459266,0.5101422,-0.09359709,0.18623267,0.08945454,-0.28954342,0.19900227,-0.004079949,0.7371905,-0.057936892,-0.014713405,-0.054478396,-0.020957435,0.23682255,-0.34349144,-0.45641163,-0.09651787,0.069954745,-0.5650115,0.7510469,-0.012768946,-0.14282738,-0.13735123,-0.2705074,-0.11401087,0.16131629,-0.073330104,0.3469446,-0.19867529,0.06108347,-0.494602,0.3004201,0.120394535,0.0062425355,0.13694341,-0.4305979,0.8106479,-0.045210134,-0.1090944,-0.36261275,-0.33704096,-0.29184937,-0.47674453,0.04445306,0.6301663,-0.1560069
-0.08528187,0.007962093,-0.21739174,0.0012547344,-0.026301498,-0.04548566,-0.09451857,0.35584882,0.3214233,-0.26604038,-0.45702326,0.44122273,0.14037825,-0.106604196,-0.24918644,-0.090289414,-0.05053364,-0.1552634,0.3180894,-0.5434688,0.2983648,0.011947544,0.14478472,-0.2896428,-0.33930382,-0.20020695,-0.24826385,0.0033449426,-0.267674,-0.20536916,-0.11262912,-0.076395065,0.34233257,0.25392625,0.33675584,-0.11932302,0.3226291,0.005136876,-0.12820236,0.2547019,0.07450129,0.09952096,0.03306488,0.004596907,0.041666582,-0.09564972,-0.2764899,0.093119584,0.004463921,0.10769903,-0.08195591,0.41858175,0.12465738,0.010268791,-0.19090387,0.25242808,0.1586442,0.3849785,-0.0018099608,0.009526599,-0.1396804,0.2125924,-0.020568524,-0.18474454,0.11521208,0.5023172,0.08469393,0.08984166,0.010861877,0.23440799,0.16193539,0.107756734,0.30512208,0.06559985,0.20062637,-0.057288576,0.27416414,0.1664571,-0.34788698,-0.11588438,-0.110699415,-0.11427702,-0.14985815,-0.2781747,0.07152872,0.06484939,0.5073666,0.26644534,-0.11904214,0.10958312,0.28591412,-0.2351737,-0.085566334,0.010662706,-0.508304,0.037853464,-0.14971012,0.07675998,0.1678333,-0.061265875
0.28917626,0.3119364,-0.4230951,-0.19107415,0.0720243,0.23467666,0.34469134,0.4618815,-0.17508501,-0.052942056,0.053629436,0.17423871,0.10203223,-0.029704815,-0.45379633,-0.075516365,0.4887689,-0.59415776,-0.16414781,-0.0038174035,-0.1905819,-0.006367942,0.054967515,-0.32626462,-0.1204265,0.014915726,-0.08117684,-0.19881544,-0.23172905,0.015054987,-0.17236875,0.04162817,0.36559018,-0.094238415,0.015337393,-0.107992455,-0.06123813,-0.13119492,0.12319871,0.15805846,-0.27790132,-0.037645657,0.14982472,-0.1798434,-0.2801855,0.10632732,-0.19039404,-0.14535378,0.26962268,-0.32879138,-0.37705716,-0.11628287,-0.19783056,0.015630769,0.07141924,0.10281756,0.26286578,0.032082472,-0.06674357,0.13063857,0.01750594,0.12765016,0.682221,0.0006939198,0.38210627,0.21204072,-0.32782155,-0.028748306,0.018982535,-0.18787338,-0.03506922,0.09041795,-0.0075996364,0.3359525,-0.02082445,0.053075835,0.039769936,-0.13031477,-0.4128757,0.1711942,-0.048345026,-0.018937258,-0.5915111,-0.01122107,-0.01566701,-0.1351153,0.033330664,-0.2927973,-0.5137264,-0.024101518,0.05958081,0.005965732,-0.13623576,-0.17229955,-0.20190738,-0.2150671,-0.2108069,0.22088443,-0.08438733,-0.0338324
-0.094202965,0.017890453,-0.013451024,0.30897,0.11335393,-0.041420948,0.42841145,0.019016996,-0.15144998,0.0470589,0.13318217,-0.10980835,0.055050716,0.04102856,0.21566193,0.21922642,0.40535706,0.086310044,-0.05792128,0.21572019,-0.26118693,0.14671393,-0.3671411,0.08996721,-0.2219162,-0.0709437,0.12805973,0.23672214,-0.18018208,0.028903844,0.1683727,-0.048542652,-0.14197794,0.24594453,0.08801088,-0.29844207,0.039826043,0.23663503,-0.25271407,0.026764778,0.09757285,0.06933923,0.0059377775,-0.057370536,-0.33450884,0.085728094,0.107553005,-0.12042866,0.22132303,0.29614905,-0.067585126,-0.03697353,-0.054084707,0.08903492,0.15847732,0.35189417,-0.02108037,-0.21613142,-0.04059502,-0.120873146,-0.40394524,-0.15204003,-0.06361588,0.025679618,-0.036086295,-0.013109195,0.084612936,-0.016538868,-0.20712602,-0.13419876,0.2394416,-0.027069114,0.09812323,-0.14186028,-0.12960522,0.14273408,0.2688033,-0.16034256,-0.42114708,0.32303923,-0.10392772,0.021740204,-0.10853137,-0.045933623,-0.34882766,-0.27844468,0.29929543,-0.27002326,-0.14968726,0.01435259,-0.058253545,0.07203886,-0.18551321,0.24162601,-0.3095666,-0.20730025,-0.022084339,0.2943586,0.112478234,0.09143795
-0.34210998,-0.108460166,0.28371185,-0.1252612,-0.016523886,-0.31020844,-0.17539638,-0.62220293,-0.27482924,0.37524918,-0.05440813,-0.14427258,-0.012357057,0.31764847,0.13477765,-0.057607,-0.22940962,0.2085232,0.06015978,0.19815056,0.1340627,-0.3162964,0.13315874,0.19943064,0.19503915,-0.047361005,0.029395388,0.1136353,0.43305477,0.5615068,-0.4581814,-0.02111899,-0.22317612,-0.07006395,-0.37726545,-0.04395415,0.19080275,-0.16694117,0.08052584,-0.24215798,0.39124075,-0.02189408,-0.087390564,0.09992611,0.25929323,0.008988933,-0.013047912,-0.028915258,-0.11956693,-0.19051607,0.1897865,0.011410537,0.114674166,0.09161793,0.20424798,0.050257985,-0.12198917,-0.28225642,-0.14671116,-0.09125914,0.121534765,0.1833189,-0.5124626,-0.22728728,-0.15042475,-0.31612474,0.019290932,0.10522555,0.04741125,0.012599676,-0.08083691,-0.05848583,0.061381362,-0.29317638,-0.09523838,-0.23244108,-0.34270504,0.071288444,-0.017745856,0.18536285,-0.14089943,-0.08086114,0.3651251,0.015367514,-0.02901875,0.019240828,-0.28996536,0.21152046,0.11571798,-0.2007159,-0.24390101,-0.107246734,-0.20880495,0.01748868,0.43997395,0.005020258,0.12256698,-0.34803486,-0.16851804,-0.08829152
0.013180219,-0.14726906,0.4534242,0.44797692,0.08751687,-0.23859344,0.16104874,0.02966178,0.036409818,0.19892612,0.38672805,0.1027275,-0.36363477,-0.13621837,0.032363914,0.012865718,-0.36190206,0.24193749,-0.38131976,0.22977488,0.07450683,-0.10193466,-0.10455069,0.09993944,0.16111039,-0.006282037,0.12118677,0.08881727,0.37981838,0.08280595,0.47461155,0.4180415,-0.030743944,0.16452488,0.044776477,0.34504896,-0.17754203,0.110037535,-0.15184791,-0.07565299,0.35229456,-0.31009817,-0.06323385,-0.29928017,0.20755914,-0.1651559,0.021898502,-0.09257499,-0.001443287,-0.3245024,0.5503606,-0.15528926,-0.16091351,-0.08401399,0.20917955,0.05075799,-0.2217801,0.098403,0.24647199,0.034535117,0.39879435,0.11461942,-0.043330044,-0.04720083,-0.16828443,-0.022267934,0.12307234,0.3522789,-0.05190384,-0.12788162,-0.58868176,0.36739552,-0.14270355,0.3398545,-0.34419313,-0.0035082232,-0.0070704157,-0.41895473,0.21731259,-0.28210458,-0.07044516,0.3449306,0.43720028,-0.1503443,-0.36908275,-0.15929556,0.029830892,0.6719468,0.3238157,-0.11658134,0.06680584,-0.021928115,0.119846806,-0.1080831,0.09251916,-0.31038234,-0.05845859,-0.06322499,-0.22445962,-0.299568
-0.3290548,-0.03662374,-0.07866366,-0.42891765,0.23572029,0.40355265,-0.40352514,0.22069818,0.12055413,0.13858484,-0.13400362,-0.18372178,0.34945154,0.042927105,-0.21764615,-0.04730761,0.54201186,0.005354593,0.40913495,0.06601343,-0.018969785,0.20091517,-0.18811518,-0.45586568,0.12919152,0.042715505,0.10846186,0.15027374,-0.44932562,0.026186194,-0.5717424,-0.19331414,-0.3705368,0.05465195,-0.33511156,-0.28915015,0.2410591,-0.03387515,-0.03937261,-0.094157144,-0.049856506,0.288596,0.19406474,0.045374382,-0.22087392,-0.16400191,-0.08601901,0.08125585,0.3928628,0.32049844,-0.10034533,0.18172483,-0.22496353,-0.18311563,-0.0867321,-0.3580654,-0.0035596176,0.052419018,-0.04682335,-0.04634273,-0.11485007,-0.045938525,0.23070517,0.17592295,0.37771058,-0.4452351,-0.25683507,-0.35991466,-0.06604396,0.41732624,0.41127107,-0.024328213,-0.02437785,-0.055977028,0.1187588,-0.08779391,0.12294922,-0.05568727,-0.032813195,0.35691762,0.29159617,-0.19566138,-0.09306228,-0.06225107,0.4362709,-0.10524743,0.012872538,-0.25192127,-0.259244,0.06683882,-0.027400037,-0.18333052,-0.13202293,0.3940541,-0.07071661,-0.0907383,-0.1348953,-0.2597044,0.07377427,0.3329496
0.23145406,-0.052389618,-0.268001,0.10723574,-0.0011563055,0.18676561,0.17054558,0.23670095,0.2598041,0.05642941,-0.3488424,0.11911223,0.05167979,-0.36856842,0.09931635,-0.015913842,0.024510762,-0.17337693,0.081250675,-0.2734458,0.14019737,0.07382393,0.11745137,-0.15498929,0.29868436,0.029689182,-0.23705252,-0.003477723,-0.012883533,-0.30922532,-0.06614653,-0.2550515,0.45627567,0.2851562,0.41647658,-0.22858952,0.29489598,0.053641073,-0.30441767,-0.04731324,0.012445518,0.117376074,0.1010414,0.42295867,-0.0928525,-0.20882896,-0.2471249,-0.22997253,0.06709652,-0.32855022,0.3496459,0.2280913,-0.14780429,-0.04126445,0.11597809,0.27855864,-0.23605281,-0.060549363,0.021359423,0.06150926,-0.12453397,0.08645623,0.28384814,-0.26428565,-0.25062302,-0.18391468,0.08133458,0.01858671,0.41528282,-0.27187166,-0.0065127416,0.24810213,0.36894163,0.09070786,0.1364738,-0.3803082,0.008003297,0.075160146,-0.12683795,0.014294325,-0.33810806,-0.05101289,-0.16949701,-0.14936233,0.11527227,-0.37422064,-0.24013348,0.066554606,0.2859411,-0.2842185,0.4561287,-0.51684123,0.1723894,0.068936594,0.060018484,0.24791151,0.14414753,0.06390785,-0.06282605,-0.28555718
0.019439144,0.010745836,-0.08736771,-0.3214574,0.018070085,-0.073889636,0.103484824,0.08455105,-0.1367674,-0.11263173,0.16456205,0.21928558,0.037842233,-0.07230633,-0.015996434,0.21900705,-0.14568922,0.23290242,-0.15133518,-0.24694292,0.33091035,-0.0009699264,0.13598968,0.020734174,0.1566194,-0.19146815,-0.41817015,0.059721775,-0.01314968,0.11526497,0.059548434,0.17092545,-0.0069430904,-0.17200267,0.26937476,0.050726507,0.24465968,0.01690756,-0.0843683,0.09614996,0.19154957,0.1542931,-0.41505465,0.17316674,0.06067359,-0.2554168,0.088188246,0.039041396,0.021303434,-0.0825559,0.3047961,-0.03880793,-0.07365269,-0.1605207,0.027721845,-0.038469557,-0.079150915,0.10711595,-0.017343177,-0.29849768,-0.10747852,-0.076991536,0.15087262,-0.16931915,-0.3997185,-0.04297336,0.12934668,0.05153002,-0.21106039,0.19054925,-0.18866284,0.33900216,0.2792811,0.1486984,0.062615395,-0.22567219,-0.056210436,0.11355691,-0.1560129,0.221121,-0.4629977,0.09450957,0.060569562,-0.38082147,-0.16397816,-0.09972449,-0.03240838,0.07895381,0.30285445,-0.016659247,0.3044065,-0.23761095,0.028565653,-0.06700274,-0.12405088,-0.065777026,0.09921553,0.105107345,0.059415698,-0.23006791
-0.14135134,0.13073714,0.19528767,-0.48147348,0.15676838,-0.022330236,-0.13403334,0.05081576,-0.17199689,0.28125298,0.034457766,0.099985376,-0.1680411,-0.16623546,-0.399952,0.08937273,0.3875199,-0.13673289,0.1753303,-0.114232816,0.12520368,0.00336248,-0.1777451,-0.32968304,0.6133755,-0.15527579,-0.035852768,-0.0907562,-0.10325627,0.37938055,0.074059226,-0.026350504,0.02538003,0.2604848,0.053374164,-0.26038948,0.086038664,-0.27991953,-0.13179263,0.10421329,0.19315481,-0.1346002,-0.04258207,-0.33849216,-0.18414474,0.038498003,0.025616301,-0.022391861,-0.045111388,-0.04258275,0.22085561,0.27108103,-0.4048635,0.15326154,-0.040680204,0.25937507,-0.17360964,-0.14435837,-0.21431603,-0.07590826,-0.32546532,-0.24823669,0.36659086,0.24777436,-0.15137444,-0.26503876,0.038489,-0.06049713,0.47313732,0.47160405,0.041998006,0.4219349,-0.14035606,0.18982631,0.18402393,-0.28196022,-0.087818645,-0.05550082,0.2047623,0.05024295,-0.3040714,0.029179411,-0.36163282,-0.16558209,-0.057110064,-0.5200251,0.05999382,0.17983542,0.030879488,-0.10723897,0.3675159,-0.1903337,-0.12827823,0.03992942,-0.06470204,0.20352802,-0.37272757,-0.18498287,-0.06660528,0.15984777
-0.2561598,0.4050449,-0.23753926,-0.021028414,-0.19324768,0.61607677,0.21301927,0.4110748,-0.05237522,-0.07765501,0.0984634,-0.08095539,-0.17864262,0.5347587,-0.15926228,0.029923156,0.00599293,0.0053928844,-0.3738188,0.0039480743,0.13264368,-0.20585072,0.42685688,-0.25611213,0.106566645,0.26769564,-0.105090655,0.18158485,-0.13880481,-0.09569367,-0.22129309,0.13425446,-0.06845373,-0.4283439,-0.10986213,0.089815244,0.5528328,0.12113764,-0.17581193,-0.09692165,-0.14874417,0.0771012,0.18840852,0.22235185,0.19376498,-0.32051027,0.086084254,-0.3221706,-0.053496964,-0.11550803,0.27826473,-0.18531106,-0.3771325,-0.3499126,0.018161792,0.0701601,-0.004584209,0.3845897,0.21639387,0.39742526,0.16756867,-0.2248151,0.2456891,-0.09616851,0.243313,-0.13196257,0.09587935,0.16557647,-0.23143087,-0.2987057,0.07104321,0.040458784,-0.2612767,0.6787393,0.14632027,-0.22049546,0.08235782,-0.018948758,0.17903481,0.3980185,-0.41524363,0.4253001,-0.059600256,0.030519258,-0.33186066,-0.04281428,0.42446348,-0.08035262,-0.1583406,0.094231196,0.3859569,-0.00060164795,-0.32257527,-0.35007706,-0.2907385,-0.38354757,-0.1376964,-0.2725338,0.44652027,-0.3540465
0.27229005,-0.7216634,0.379699,-0.06656748,0.056911718,-0.2697513,0.07234145,-0.48550203,0.3473157,-0.21510567,0.23519072,-0.19455963,-0.31908262,-0.10132608,0.4474563,0.25791803,-0.55891883,0.34468845,-0.044389196,-0.11846132,0.029260578,-0.14703411,-0.17563808,0.18383338,-0.07805782,0.08863716,0.1714087,-0.18223329,0.23183852,0.07496788,0.28376058,0.040951535,0.10469784,0.095633864,0.19904603,0.23071073,-0.05948999,0.09649329,-0.0712641,-0.3504613,0.4031689,-0.18289316,-0.037101902,-0.1696343,0.36632437,0.16884786,0.014806659,-0.11121699,-0.10114659,0.15914723,-0.17778079,0.093769126,0.3437223,0.0991636,-0.048971977,0.09959246,-0.16972113,0.27549618,0.07852992,-0.26808372,-0.112063274,-0.40659067,-0.5863408,-0.191106,-0.18286948,0.44213995,0.69774497,0.42304957,-0.03506779,-0.009614889,-0.19939876,-0.12151099,0.046641532,-0.2902176,-0.48759374,0.17363271,-0.10659146,0.11743708,0.3299448,-0.5957921,-0.047311764,-0.31687307,0.33415538,-0.12071428,-0.10465439,0.35992777,-0.1183027,0.31584412,0.20181924,0.35407072,-0.36627498,0.050506122,0.10103512,0.08877678,-0.09118332,0.137409,0.14790915,0.23002356,-0.059114233,-0.1929521
-0.18001568,-0.037983563,-0.28899828,-0.21462433,-0.13901716,-0.13497543,-0.22625232,-0.22438371,-0.04790052,0.24135147,-0.08075351,-0.22156735,0.046191253,0.24290428,0.22815976,0.364075,0.2317576,0.14634919,0.27864915,0.033510108,0.009779696,0.18805961,-0.13547513,0.14341474,-0.043919004,0.060923364,0.0036258197,0.016196247,0.08510504,-0.04607194,-0.14915738,-0.38305137,0.03891513,0.02057993,0.14910682,0.03866157,-0.034752734,0.04151157,0.16812415,-0.44763514,0.13785005,0.061127167,-0.12059888,0.12811677,-0.21009955,0.050251152,0.099561974,-0.20538987,0.17190526,0.10355625,-0.4669054,-0.06431751,0.21401937,0.1840212,0.2212941,0.106862165,0.11239173,-0.28365692,-0.17447697,-0.07272794,-0.025337236,0.2133419,-0.30352703,-0.24713545,-0.08777046,0.118701234,-0.05068431,-0.06848384,0.082370296,-0.14004989,0.25042325,-0.08398739,0.2638443,-0.24757981,-0.16345446,-0.15148686,-0.03144016,-0.005376273,-0.28879547,-0.030741874,-0.0016719192,-0.31653175,0.0030477634,0.06620932,-0.17716323,-0.04372809,-0.041718002,-0.58697414,-0.048416745,0.06341025,-0.15821019,0.04920054,0.046009865,0.4166698,0.17979594,0.09505403,0.34697658,0.19139253,-0.09858311,0.24593067
0.2957073,0.018122438,-0.11814955,0.3629872,-0.06898749,-0.125199,0.6740322,0.28620166,0.35393104,-0.52870804,0.03301266,-0.081664294,-0.15573174,-0.2700704,-0.10836505,0.24215269,-0.21388601,0.17911129,-0.16240105,-0.28290883,-0.40496638,0.062258486,0.122401014,-0.23461936,-0.51059335,-0.19032668,0.09175732,-0.13021432,-0.06712897,-0.27340877,-0.044130903,0.14280018,0.15659924,0.07186237,-0.03597515,0.055476353,-0.21173868,-0.06261608,-0.12060792,-0.07620368,-0.5203814,-0.19026552,0.05462532,-0.15768085,0.08296217,0.002197554,-0.018544508,0.2044951,-0.026033567,-0.22843058,-0.3000752,-0.10704525,0.23261346,-0.43427393,0.0712666,0.0015897503,0.14075243,0.18849286,0.085346535,-0.20898142,-0.15496637,-0.060616683,0.23823567,-0.04854074,-0.0008410837,0.37504664,0.13251454,0.43934524,0.005969622,-0.34398207,-0.29588482,-0.1086387,-0.24795185,0.06951077,-0.13480623,0.054628007,0.3929476,0.015229942,-0.19528396,-0.10046422,0.16508764,0.07475627,-0.31479546,0.021339629,0.069715336,-0.07037264,-0.08948869,0.22835027,0.1319631,0.021282453,0.26100364,-0.054213088,0.105430014,-0.06687536,-0.27754432,-0.08368696,-0.027996607,0.109066516,0.19565475,-0.073258564
-0.13177536,0.19688305,-0.28449422,-0.088399954,0.028548054,0.07566125,0.044599183,0.11109434,-0.1340227,-0.41618934,-0.42373258,-0.0065460773,0.25179932,-0.26698762,-0.16533114,0.19622312,0.20532316,-0.026085323,0.22559144,-0.19438471,-0.001815038,0.14647916,0.2566016,0.10948822,-0.32552063,-0.11698324,-0.3630691,0.08028988,-0.052238476,-0.112045765,-0.22425802,-0.41747582,-0.06706551,0.07718995,0.14055233,-0.29455975,0.14976947,-0.15325995,0.0037469282,0.09483067,-0.08055712,0.33550912,0.23663624,-0.028814238,-0.12994209,-0.25130665,-0.10702974,0.067241,0.17095652,0.27923033,-0.4849565,-0.16654494,0.056648877,0.30762836,-0.14906797,0.1506453,0.05295792,0.25062707,-0.29313257,-0.07731233,0.20566447,0.0748323,0.29428294,-0.16016792,0.18668172,0.093434066,-0.30517942,0.027303068,0.04615826,0.10750335,0.1342896,-0.081094064,0.08605781,0.0058744512,0.1264607,-0.1143572,0.22581924,-0.0031321817,-0.0849971,0.19180806,-0.028385477,0.16373055,-0.079067275,0.06757465,0.15119407,0.1259305,0.17379308,-0.2821882,0.04825216,0.06572301,0.079233944,-0.020833138,-0.18989274,0.051230546,-0.20771964,0.15687542,0.062078882,0.117724955,0.2482424,-0.025147138
-0.21937917,0.27819058,-0.35226533,-0.04950182,0.22006775,0.35394955,-0.010805757,0.4804832,-0.21611315,0.3101984,-0.089166686,-2.450605e-05,0.21319847,0.4625296,-0.03555509,-0.14636819,0.55088186,-0.23718399,0.096656665,0.031319827,-0.1891674,-0.013586538,-0.15245456,-0.11361396,-0.14750892,0.07760098,0.281746,-0.06112673,-0.04561331,-0.27083597,0.03439931,-0.018625645,0.1620383,0.30336457,-0.075952,-0.105289854,-0.38231447,-0.041437924,0.18953685,0.27742592,-0.44001734,0.08111842,0.07310581,0.08926334,-0.069286294,0.002392056,-0.22901657,-0.12645403,0.15352726,0.19468345,-0.33851215,-0.13583523,-0.19474052,-0.29585138,0.11008151,-0.2721794,0.04300996,-0.027032156,0.12605779,0.2460572,-0.13984449,-0.15163407,0.15230095,0.12045456,0.14797729,-0.07115203,-0.5705169,-0.20019503,0.13059446,0.073824935,0.3849678,-0.16022806,-0.015179594,0.23679295,0.09589197,0.38453564,0.1892808,-0.2355317,-0.06028002,0.14764236,0.33586538,-0.26461154,-0.44380808,0.21711248,0.19227284,-0.0072262823,0.16518708,0.29947174,-0.3133435,0.06661657,-0.10231026,0.25555667,-0.0026086965,0.22746313,0.06618036,-0.0022304486,-0.29210806,-0.4382491,-0.10124548,0.0559842
0.30769935,-0.19775577,0.26831183,0.41591114,0.07982316,-0.201742,0.51235974,0.043984015,0.39569718,0.13427503,0.27519614,-0.0753885,-0.020920595,-0.035820343,-0.15602437,0.20228189,-0.4804069,0.08691302,-0.54156244,-0.48957068,-0.31722298,-0.015699815,-0.040108915,0.4366612,-0.19244361,-0.18813848,-0.4113445,-0.26152864,0.05424523,-0.20943047,0.2964485,0.15170783,0.5058165,-0.13855651,0.56646854,0.008227465,-0.2509048,0.1495919,-0.12682061,0.10266938,0.055095304,-0.25861844,-0.14238387,-0.110288136,0.18524602,0.15487663,0.05485192,-0.004938666,0.1983743,-0.19611718,-0.15223344,-0.36664408,0.18288064,0.061100014,0.35242754,0.010432119,-0.0784562,-0.27231327,-0.17077263,-0.094328515,-0.10871814,-0.0056066867,0.2509541,-0.23148197,-0.26479298,0.3122219,0.24090074,0.077140175,0.4199852,-0.57530797,-0.34452707,0.030656474,-0.07794243,-0.0021631708,-0.03765346,0.0141169345,-0.06477352,-0.16996199,-0.49671674,-0.3314033,-0.003343785,0.11738728,-0.05022951,-0.14659661,-0.29959086,0.19395536,-0.10076065,0.29870117,0.6540553,0.2113867,0.1009728,0.0053910525,0.2814917,0.26758292,-0.07704989,-0.059639614,0.13504453,0.32265213,-0.011329617,0.22518279
-0.20333257,0.2053939,0.09825272,-0.30242324,-0.016601209,0.23848334,-0.27773446,0.013465887,-0.2558954,0.35320655,-0.15745033,-0.20523544,0.30455017,-0.080236994,-0.023353754,-0.2732823,0.20308426,-0.1279963,0.5035178,-0.17314403,-0.04377784,-0.11485768,-0.018801846,-0.21274382,0.17837207,-0.053528395,-0.110549465,-0.06374004,-0.11528475,0.1447815,-0.50443333,-0.13289154,-0.21630646,0.26462013,0.14966698,-0.23782541,0.24714127,0.15958413,0.19196004,0.2718245,-0.02064232,0.3489254,0.25501347,-0.023247225,-0.0058890004,-0.54995805,-0.33346927,0.2483733,0.24659507,0.063663766,-0.038884617,0.14585641,-0.29410324,0.15722254,0.0784208,0.15117218,0.032936137,0.28013453,-0.04686186,0.12773517,-0.15349792,0.24627905,0.32770926,-0.045827813,0.20525391,-0.6129446,-0.5493896,-0.31200716,0.14911027,0.4352137,0.33756557,-0.15692167,0.073328696,-0.2339496,0.12971123,-0.107774764,-0.35414913,0.17091745,-0.037342835,0.41565782,-0.119200796,-0.060795195,-0.008860799,-0.0026487608,0.036660578,-0.11504962,-0.11098045,-0.26575464,-0.5925465,-0.1784482,-0.293678,-0.33936396,-0.58176625,0.012557524,-0.02718458,0.12855765,-0.17689112,-0.08952684,0.16675846,0.2195012
0.17978564,0.33516636,-0.4683806,0.5567469,0.025062459,-0.09934897,0.093437165,0.02279544,-0.121164575,-0.41367295,0.22554,0.15643714,-0.03063429,0.27788788,0.059313096,-0.025526874,-0.1691972,0.1322914,-0.0651288,0.3325891,-0.18936877,0.066656195,-0.046592467,-0.048873615,-0.56728005,0.27949017,0.14414936,0.15739046,0.2187287,-0.16986756,0.3589121,0.11065771,0.08114583,0.09697928,-0.08500819,0.2935906,-0.039937854,0.13240032,0.031939287,-0.22977932,-0.12965028,-0.050400414,0.033437423,-0.037550207,0.0013998329,0.54272777,0.010781515,-0.059896458,0.031148192,0.047038663,-0.6336559,-0.19822204,0.3434187,-0.171498,-0.005938407,-0.26062396,0.08450497,-0.0076688305,-0.21750088,-0.06941738,0.48132482,-0.10159968,-0.05005566,-0.011334764,0.19979374,0.54283303,-0.04639679,0.22572398,-0.3742143,-0.047861744,-0.09602193,-0.17368546,0.08156189,0.15112424,-0.21911241,0.6366567,0.25784504,-0.20575103,-0.16738813,-0.23239347,0.044949055,-0.099306695,0.0006647661,-0.08168873,0.029170971,0.29347855,0.1087354,0.0971076,0.0120788,0.0270736,-0.30392703,0.50042444,-0.018315133,-0.10442173,0.099921145,0.07616335,0.103513785,0.34488598,-0.18964003,-0.26453623
-0.1839421,-0.109250754,0.25180233,0.3756967,0.27758917,-0.25137973,0.14249694,-0.1863982,0.20674108,0.19967438,0.5930434,-0.042274926,0.068008125,0.041081853,0.16356015,0.04195485,0.3313095,0.26998007,-0.13079666,0.13438687,-0.48973718,0.13737997,-0.42806232,0.24948615,0.059682474,0.2169169,0.11154012,0.27908286,0.09582975,0.19976708,-0.1196115,-0.04038572,-0.31653187,0.031569738,0.2702112,0.15351002,-0.16228643,0.08575281,-0.23572794,0.21795233,-0.036192562,-0.5387356,-0.30413696,-0.44312117,-0.0032552034,0.16926774,0.052722916,-0.08619483,0.097699836,-0.0312003,0.34685925,-0.34925455,-0.026650324,-0.1571139,0.5360667,0.32147875,0.036768638,-0.13384464,-0.044477943,-0.063376196,-0.0796242,-0.12053307,0.000748597,0.43764156,-0.30929187,0.023224678,-0.08355213,-0.07864092,0.008684151,-0.2247416,0.33093414,-0.16641581,-0.6534986,0.21104608,-0.26883537,0.19257261,-0.17297213,-0.31477132,-0.18185994,0.2747969,0.19275044,-0.03846456,-0.122749254,0.09484673,0.06343565,0.32213426,-0.023277106,-0.024452647,0.2739964,-0.034854237,0.0127979955,0.12661824,-0.20736699,0.18511777,0.306728,-0.327552,-0.16370305,0.060170174,0.116890736,0.28868544
0.10001627,0.089928605,-0.038740657,-0.5313805,-0.1568217,-0.067000374,-0.5406115,-0.19792074,0.015961096,0.18653224,-0.362532,-0.20755494,0.1426583,-0.16545281,0.16741526,-0.12285063,-0.2957805,-0.034806807,0.1667275,-0.24506526,0.21242945,-0.0036364018,-0.023355346,0.007325523,0.020571087,-0.054076385,-0.273844,-0.21533872,0.27286148,0.05544802,-0.2989687,-0.16537891,-0.059298426,0.029514635,-0.26271203,0.066530876,0.034153063,-0.24826463,0.22363453,-0.36147776,0.1251714,0.0033448853,-0.35869554,0.33912024,0.12683524,0.19365689,0.0056670536,-0.08055292,-0.17529039,0.0724765,-0.30214113,0.26311192,0.29984728,0.25872245,-0.23818786,-0.09844577,-0.10524188,-0.14298534,-0.08074677,0.25836188,-0.20187119,0.16755705,-0.46746668,-0.43724978,-0.28881982,0.28887948,0.27298728,0.1311854,0.018109325,-0.06968127,0.07894769,0.13060904,0.37186515,-0.42389402,0.032636583,-0.11872475,0.085420996,0.45294335,0.29128382,0.056236953,-0.11166186,-0.13834493,0.07916256,0.053863633,0.1174584,-0.117295176,-0.00025649578,0.03479676,0.35348365,0.015378311,-0.063207805,-0.08571691,0.2146752,-0.11658772,-0.07042973,0.40420884,0.537875,0.15217757,-0.057442337,-0.007138229
-0.022206591,-0.051051788,0.0077796285,0.37269962,-0.32256192,0.036054354,0.044351447,0.22094682,-0.04957957,-0.03901951,0.25702155,0.038062584,-0.17687991,-0.02001569,0.16476054,-0.30573538,-0.35165977,-0.19756669,-0.03523053,0.24545647,-0.15417276,-0.1852278,-0.07369403,-0.045586616,-0.02943923,0.3221853,0.29604232,-0.026763935,-0.15232575,-0.40104538,0.32967418,0.3513573,0.04272597,0.22979362,-0.0376811,0.22458883,-0.40375298,0.22786622,0.5228097,0.35945266,-0.29791474,-0.1632551,0.33878317,-0.18800794,0.0556299,0.07622923,-0.40911138,0.25599962,-0.39696142,-0.267453,-0.4178818,-0.35835418,-0.1576508,-0.20599379,-0.22369136,-0.39588466,0.1279846,-0.120744735,0.55832195,0.1381887,0.2987336,-0.12135297,0.18246637,0.017864319,0.29146367,-0.11528949,-0.28906852,-0.11625425,0.06265772,0.063506916,-0.008122059,-0.05895474,-0.45730564,0.05541774,0.19007838,0.11618839,0.09513606,-0.41112354,0.14129058,-0.015086151,0.36012316,0.25629956,-0.049879942,0.40639272,0.22136962,-0.123319834,0.2079529,0.37969857,-0.54580975,0.004060599,-0.21247688,0.17483577,0.212481,-0.061230496,0.35311797,0.13060674,-0.39554527,-0.531206,-0.4042084,0.009080098
